pre_id,w,slnc50_none,slnc50_pair,slnc50_quint,is_grn,is_relay,is_brake,drive_slnc50_none,drive_slnc50_pair,drive_slnc50_quint
720575940605513649,-75,0.5,0.2,0.0,False,False,False,-37.5,-15.0,-0.0
720575940605723593,-68,0.0,0.0,0.0,False,False,False,-0.0,-0.0,-0.0
720575940607162754,-1,0.0,0.0,0.0,False,False,False,-0.0,-0.0,-0.0
720575940607188610,-48,0.0,0.0,0.0,False,False,False,-0.0,-0.0,-0.0
720575940607193986,2,6.9,2.7,1.5,False,False,False,13.8,5.4,3.0
720575940607272649,3,10.7,5.2,4.5,False,False,False,32.099999999999994,15.600000000000001,13.5
720575940607377586,1,0.0,0.0,0.0,False,False,False,0.0,0.0,0.0
720575940607386290,1,1.7,0.0,0.0,False,False,False,1.7,0.0,0.0
720575940608498780,-1,2.9,1.1,0.3,False,False,False,-2.9,-1.1,-0.3
720575940609376707,5,0.0,0.0,0.0,False,False,False,0.0,0.0,0.0
720575940609407939,88,8.1,3.1,2.3,False,False,False,712.8,272.8,202.39999999999998
720575940609935172,-1,3.2,1.3,0.3,False,False,False,-3.2,-1.3,-0.3
720575940610055982,19,0.0,0.0,0.0,False,False,False,0.0,0.0,0.0
720575940610487410,1,0.0,0.0,0.0,False,False,False,0.0,0.0,0.0
720575940610610841,1,0.0,0.0,0.0,False,False,False,0.0,0.0,0.0
720575940610677828,-82,5.2,1.3,0.4,False,False,False,-426.40000000000003,-106.60000000000001,-32.800000000000004
720575940610803554,-1,1.0,0.8,0.8,False,False,False,-1.0,-0.8,-0.8
720575940610850965,5,0.0,0.0,0.0,False,False,False,0.0,0.0,0.0
720575940611167842,-155,0.0,0.0,0.0,False,False,False,-0.0,-0.0,-0.0
720575940611442296,8,0.0,0.0,0.0,False,False,False,0.0,0.0,0.0
720575940612206810,-5,0.0,0.0,0.0,False,False,False,-0.0,-0.0,-0.0
720575940612208858,-1,0.6,1.3,1.3,False,False,False,-0.6,-1.3,-1.3
720575940612268199,-1,0.0,0.0,0.0,False,False,False,-0.0,-0.0,-0.0
720575940612336819,14,0.0,0.0,0.0,False,False,False,0.0,0.0,0.0
720575940612357618,1,1.7,1.0,0.3,False,False,False,1.7,1.0,0.3
720575940612443890,-16,0.0,0.0,0.0,False,False,False,-0.0,-0.0,-0.0
720575940612488341,1,0.0,0.0,0.0,False,False,False,0.0,0.0,0.0
720575940612603033,-23,0.0,0.0,0.0,False,False,False,-0.0,-0.0,-0.0
720575940612642730,6,0.0,0.0,0.0,False,False,False,0.0,0.0,0.0
720575940612686233,-10,0.0,0.0,0.0,False,False,False,-0.0,-0.0,-0.0
720575940613112293,-2,0.0,0.0,0.0,False,False,False,-0.0,-0.0,-0.0
720575940613154582,-3,0.0,0.0,0.0,False,False,False,-0.0,-0.0,-0.0
720575940613347299,5,5.1,2.2,0.7,False,False,False,25.5,11.0,3.5
720575940613640685,1,0.0,0.0,0.0,False,False,False,0.0,0.0,0.0
720575940613879227,1,0.0,0.0,0.0,False,False,False,0.0,0.0,0.0
720575940613958194,-5,0.0,0.0,0.0,False,False,False,-0.0,-0.0,-0.0
720575940614165201,1,0.0,0.0,0.0,False,False,False,0.0,0.0,0.0
720575940614349974,1,0.0,0.0,0.0,False,False,False,0.0,0.0,0.0
720575940614660263,1,0.0,0.0,0.0,False,False,False,0.0,0.0,0.0
720575940615041430,-1,41.8,36.1,29.7,False,False,True,-41.8,-36.1,-29.7
720575940615323298,-1,0.0,0.0,0.0,False,False,False,-0.0,-0.0,-0.0
720575940615410911,-38,0.0,0.0,0.0,False,False,False,-0.0,-0.0,-0.0
720575940615564959,-1,0.4,0.0,0.0,False,False,False,-0.4,-0.0,-0.0
720575940615582111,-1,0.0,0.0,0.0,False,False,False,-0.0,-0.0,-0.0
720575940615666655,1,0.0,0.0,0.0,False,False,False,0.0,0.0,0.0
720575940615671106,2,16.5,5.2,3.5,False,False,False,33.0,10.4,7.0
720575940615672130,13,0.0,0.0,0.0,False,False,False,0.0,0.0,0.0
720575940615914123,1,0.0,0.0,0.0,False,False,False,0.0,0.0,0.0
720575940616164658,1,0.0,0.0,0.0,False,False,False,0.0,0.0,0.0
720575940616186507,-1,0.0,0.0,0.0,False,False,False,-0.0,-0.0,-0.0
720575940616194610,-5,0.0,0.0,0.0,False,False,False,-0.0,-0.0,-0.0
720575940616466260,-1,7.4,2.8,0.9,False,False,False,-7.4,-2.8,-0.9
720575940616597334,-4,0.0,0.0,0.0,False,False,False,-0.0,-0.0,-0.0
720575940616851030,-27,0.0,0.0,0.0,False,False,False,-0.0,-0.0,-0.0
720575940616857174,25,7.5,2.1,1.2,False,False,False,187.5,52.5,30.0
720575940616864086,-2,6.2,2.8,1.4,False,False,False,-12.4,-5.6,-2.8
720575940616864217,-7,5.7,2.9,0.1,False,False,False,-39.9,-20.3,-0.7000000000000001
720575940617031385,1,0.0,0.0,0.0,False,False,False,0.0,0.0,0.0
720575940617097684,-7,0.0,0.0,0.0,False,False,False,-0.0,-0.0,-0.0
720575940617399257,32,0.0,0.0,0.0,False,False,False,0.0,0.0,0.0
720575940617432065,1,0.0,0.0,0.0,False,False,False,0.0,0.0,0.0
720575940617494877,1,0.1,0.1,0.1,False,False,False,0.1,0.1,0.1
720575940617497437,-1,0.1,0.0,0.0,False,False,False,-0.1,-0.0,-0.0
720575940617499741,-1,0.0,0.0,0.0,False,False,False,-0.0,-0.0,-0.0
720575940617678566,3,0.0,0.0,0.0,False,False,False,0.0,0.0,0.0
720575940617787963,1,0.0,0.0,0.0,False,False,False,0.0,0.0,0.0
720575940618028125,-183,0.0,0.0,0.0,False,False,False,-0.0,-0.0,-0.0
720575940618092289,3,0.0,0.0,0.0,False,False,False,0.0,0.0,0.0
720575940618291520,-1,0.0,0.0,0.0,False,False,False,-0.0,-0.0,-0.0
720575940618514043,1,0.0,0.0,0.0,False,False,False,0.0,0.0,0.0
720575940619038366,-1,0.0,0.0,0.0,False,False,False,-0.0,-0.0,-0.0
720575940619058334,-7,0.0,0.0,0.0,False,False,False,-0.0,-0.0,-0.0
720575940619097905,1,0.0,0.0,0.0,False,False,False,0.0,0.0,0.0
720575940619114048,20,2.9,1.1,0.3,False,False,False,58.0,22.0,6.0
720575940619155264,-8,0.0,0.0,0.0,False,False,False,-0.0,-0.0,-0.0
720575940619176094,3,0.0,0.0,0.0,False,False,False,0.0,0.0,0.0
720575940619767073,1,0.0,0.0,0.0,False,False,False,0.0,0.0,0.0
720575940619771375,4,0.0,0.0,0.0,False,False,False,0.0,0.0,0.0
720575940619822942,3,0.0,0.0,0.0,False,False,False,0.0,0.0,0.0
720575940619837473,12,0.0,0.0,0.0,False,False,False,0.0,0.0,0.0
720575940619853515,561,8.8,2.6,1.4,False,False,False,4936.8,1458.6000000000001,785.4
720575940619877396,32,15.6,5.7,3.4,False,False,False,499.2,182.4,108.8
720575940620038822,1,0.0,0.0,0.0,False,False,False,0.0,0.0,0.0
720575940620062288,-3,0.6,0.3,0.0,False,False,False,-1.7999999999999998,-0.8999999999999999,-0.0
720575940620116833,-2,0.0,0.0,0.0,False,False,False,-0.0,-0.0,-0.0
720575940620156209,-267,0.0,0.0,0.0,False,False,False,-0.0,-0.0,-0.0
720575940620297819,-1,0.3,0.2,0.0,False,False,False,-0.3,-0.2,-0.0
720575940620580272,6,0.0,0.0,0.0,False,False,False,0.0,0.0,0.0
720575940620861934,-12,0.0,0.0,0.0,False,False,False,-0.0,-0.0,-0.0
720575940621068464,3,0.0,0.0,0.0,False,False,False,0.0,0.0,0.0
720575940621116510,-1,0.0,0.0,0.0,False,False,False,-0.0,-0.0,-0.0
720575940621150191,1,0.0,0.0,0.0,False,False,False,0.0,0.0,0.0
720575940621166625,-3,0.0,0.0,0.0,False,False,False,-0.0,-0.0,-0.0
720575940621261296,11,6.1,1.8,0.4,False,False,False,67.1,19.8,4.4
720575940621354736,-9,0.0,0.0,0.0,False,False,False,-0.0,-0.0,-0.0
720575940621422518,-9,1.2,0.3,0.1,False,False,False,-10.799999999999999,-2.6999999999999997,-0.9
720575940621848063,-1,0.0,0.0,0.0,False,False,False,-0.0,-0.0,-0.0
720575940621900981,-1,0.0,0.0,0.0,False,False,False,-0.0,-0.0,-0.0
720575940622018309,-11,0.0,0.0,0.0,False,False,False,-0.0,-0.0,-0.0
720575940622021637,-71,0.0,0.0,0.0,False,False,False,-0.0,-0.0,-0.0
720575940622195625,1,0.0,0.4,0.7,False,False,False,0.0,0.4,0.7
720575940622351996,1,0.0,0.0,0.0,False,False,False,0.0,0.0,0.0
720575940622624214,22,0.4,0.5,0.2,False,False,False,8.8,11.0,4.4
720575940622632084,5,0.0,0.0,0.0,False,False,False,0.0,0.0,0.0
720575940622921827,95,0.0,0.0,0.0,False,False,False,0.0,0.0,0.0
720575940623132621,-24,0.0,0.0,0.0,False,False,False,-0.0,-0.0,-0.0
720575940623164685,1,0.0,0.0,0.0,False,False,False,0.0,0.0,0.0
720575940623211725,424,9.2,3.2,0.7,False,False,False,3900.7999999999997,1356.8000000000002,296.79999999999995
720575940623224811,-38,0.0,0.0,0.0,False,False,False,-0.0,-0.0,-0.0
720575940623264904,2,0.0,0.0,0.0,False,False,False,0.0,0.0,0.0
720575940623379750,-2,0.0,0.0,0.0,False,False,False,-0.0,-0.0,-0.0
720575940623663084,8,0.0,0.0,0.0,False,False,False,0.0,0.0,0.0
720575940623676394,-3,0.0,0.0,0.0,False,False,False,-0.0,-0.0,-0.0
720575940623697898,-1,0.0,0.0,0.0,False,False,False,-0.0,-0.0,-0.0
720575940623781611,23,0.0,0.0,0.0,False,False,False,0.0,0.0,0.0
720575940623918121,-20,0.0,0.0,0.0,False,False,False,-0.0,-0.0,-0.0
720575940623924104,3,0.0,0.0,0.0,False,False,False,0.0,0.0,0.0
720575940624038663,-10,0.0,0.0,0.0,False,False,False,-0.0,-0.0,-0.0
720575940624220925,1,0.0,0.0,0.0,False,False,False,0.0,0.0,0.0
720575940624447240,-1,0.0,0.0,0.0,False,False,False,-0.0,-0.0,-0.0
720575940624756297,-2,0.0,0.0,0.0,False,False,False,-0.0,-0.0,-0.0
720575940624877360,-5,0.0,0.0,0.0,False,False,False,-0.0,-0.0,-0.0
720575940624966840,-6,3.7,1.2,0.3,False,False,False,-22.200000000000003,-7.199999999999999,-1.7999999999999998
720575940624986300,-96,0.0,0.0,0.0,False,False,False,-0.0,-0.0,-0.0
720575940625002936,-63,0.0,0.0,0.0,False,False,False,-0.0,-0.0,-0.0
720575940625164176,-5,0.0,0.0,0.0,False,False,False,-0.0,-0.0,-0.0
720575940625620888,-3,0.0,0.0,0.0,False,False,False,-0.0,-0.0,-0.0
720575940625863728,3,0.0,0.0,0.0,False,False,False,0.0,0.0,0.0
720575940625867056,1,6.7,7.0,7.5,False,False,False,6.7,7.0,7.5
720575940626038714,6,2.1,0.8,0.4,False,False,False,12.600000000000001,4.800000000000001,2.4000000000000004
720575940626109982,43,0.0,0.0,0.0,False,False,False,0.0,0.0,0.0
720575940626179614,-1,0.0,0.0,0.0,False,False,False,-0.0,-0.0,-0.0
720575940626229849,120,0.0,0.0,0.0,False,False,False,0.0,0.0,0.0
720575940626279486,-1,0.0,0.0,0.0,False,False,False,-0.0,-0.0,-0.0
720575940626672058,1,0.0,0.0,0.0,False,False,False,0.0,0.0,0.0
720575940626860421,-10,0.1,0.2,0.2,False,False,False,-1.0,-2.0,-2.0
720575940626960536,-39,0.0,0.0,0.0,False,False,False,-0.0,-0.0,-0.0
720575940626961241,-185,0.0,0.0,0.0,False,False,False,-0.0,-0.0,-0.0
720575940627015196,-63,0.0,0.0,0.0,False,False,False,-0.0,-0.0,-0.0
720575940627107721,2,0.0,0.3,0.3,False,False,False,0.0,0.6,0.6
720575940627234069,-9,0.0,0.0,0.0,False,False,False,-0.0,-0.0,-0.0
720575940627366675,-2,0.0,0.0,0.0,False,False,False,-0.0,-0.0,-0.0
720575940627410451,1,7.9,2.8,1.5,False,False,False,7.9,2.8,1.5
720575940627739023,2,0.0,0.0,0.0,False,False,False,0.0,0.0,0.0
720575940627779983,1,2.6,0.5,0.2,False,False,False,2.6,0.5,0.2
720575940627814728,4,0.0,0.0,0.0,False,False,False,0.0,0.0,0.0
720575940627819151,-2,3.7,1.6,0.7,False,False,False,-7.4,-3.2,-1.4
720575940627827697,-1,0.0,0.0,0.0,False,False,False,-0.0,-0.0,-0.0
720575940627847752,74,8.8,1.3,0.4,False,False,False,651.2,96.2,29.6
720575940628209680,1,0.0,0.0,0.0,False,False,False,0.0,0.0,0.0
720575940628659049,5,0.0,0.0,0.0,False,False,False,0.0,0.0,0.0
720575940628746690,1,0.0,0.0,0.0,False,False,False,0.0,0.0,0.0
720575940628762471,-4,0.0,0.0,0.0,False,False,False,-0.0,-0.0,-0.0
720575940628826128,-1,9.3,3.9,1.7,False,False,False,-9.3,-3.9,-1.7
720575940628997123,-1,6.9,4.1,2.9,False,False,False,-6.9,-4.1,-2.9
720575940629373890,-1,0.0,0.0,0.0,False,False,False,-0.0,-0.0,-0.0
720575940629398466,-2,0.0,0.0,0.0,False,False,False,-0.0,-0.0,-0.0
720575940629486075,6,0.0,0.0,0.0,False,False,False,0.0,0.0,0.0
720575940629561347,2,4.2,1.8,0.9,False,False,False,8.4,3.6,1.8
720575940629564688,-1,0.0,0.0,0.0,False,False,False,-0.0,-0.0,-0.0
720575940629744599,6,0.2,0.8,0.7,False,False,False,1.2000000000000002,4.800000000000001,4.199999999999999
720575940629773276,1,0.0,0.0,0.0,False,False,False,0.0,0.0,0.0
720575940629804158,-2,0.3,0.2,0.7,False,False,False,-0.6,-0.4,-1.4
720575940629854914,-1,0.0,0.0,0.0,False,False,False,-0.0,-0.0,-0.0
720575940629946951,-44,0.0,0.0,0.0,False,False,False,-0.0,-0.0,-0.0
720575940630122796,4,0.0,0.0,0.0,False,False,False,0.0,0.0,0.0
720575940630181852,-7,0.0,0.0,0.0,False,False,False,-0.0,-0.0,-0.0
720575940630246460,1,0.0,0.0,0.0,False,False,False,0.0,0.0,0.0
720575940630307639,1,0.0,0.0,0.0,False,False,False,0.0,0.0,0.0
720575940630480348,-4,0.0,0.0,0.0,False,False,False,-0.0,-0.0,-0.0
720575940630679801,-29,0.0,0.0,0.0,False,False,False,-0.0,-0.0,-0.0
720575940630820919,4,5.5,1.8,0.3,False,False,False,22.0,7.2,1.2
720575940631349335,1,8.2,8.0,8.5,False,False,False,8.2,8.0,8.5
720575940631365089,1,0.0,0.0,0.0,False,False,False,0.0,0.0,0.0
720575940631417057,1,0.0,0.0,0.0,False,False,False,0.0,0.0,0.0
720575940631429707,106,0.0,0.0,0.0,False,False,False,0.0,0.0,0.0
720575940631662648,1,1.8,0.2,0.0,False,False,False,1.8,0.2,0.0
720575940631918649,-4,15.4,6.2,1.9,False,False,False,-61.6,-24.8,-7.6
720575940631994728,-1,0.0,0.0,0.1,False,False,False,-0.0,-0.0,-0.1
720575940632030008,-1,0.0,0.0,0.0,False,False,False,-0.0,-0.0,-0.0
720575940632126412,-44,0.0,0.0,0.0,False,False,False,-0.0,-0.0,-0.0
720575940632252743,281,11.8,6.6,3.9,False,False,False,3315.8,1854.6,1095.8999999999999
720575940632365905,1,2.3,1.6,0.0,False,False,False,2.3,1.6,0.0
720575940632486969,2,0.0,0.0,0.0,False,False,False,0.0,0.0,0.0
720575940632722636,-29,0.0,0.0,0.0,False,False,False,-0.0,-0.0,-0.0
720575940632726220,-100,0.0,0.0,0.0,False,False,False,-0.0,-0.0,-0.0
720575940632815780,-1,0.0,0.0,0.0,False,False,False,-0.0,-0.0,-0.0
720575940632847661,-1,0.0,0.0,0.0,False,False,False,-0.0,-0.0,-0.0
720575940632974443,2,0.0,0.0,0.0,False,False,False,0.0,0.0,0.0
720575940633316307,146,0.0,0.0,0.0,False,False,False,0.0,0.0,0.0
720575940633373651,2,0.0,0.0,0.1,False,False,False,0.0,0.0,0.2
720575940633416604,4,0.0,0.0,0.0,False,False,False,0.0,0.0,0.0
720575940633488153,8,0.0,0.0,0.0,False,False,False,0.0,0.0,0.0
720575940633762714,-1,0.0,0.0,0.0,False,False,False,-0.0,-0.0,-0.0
720575940633796252,-1,0.0,0.0,0.0,False,False,False,-0.0,-0.0,-0.0
720575940634428058,-3,0.5,0.2,0.0,False,False,False,-1.5,-0.6000000000000001,-0.0
720575940634459290,1,0.0,0.0,0.0,False,False,False,0.0,0.0,0.0
720575940635164779,-2,0.0,0.0,0.0,False,False,False,-0.0,-0.0,-0.0
720575940635462757,2,0.0,0.0,0.0,False,False,False,0.0,0.0,0.0
720575940635596212,-39,0.0,0.0,0.0,False,False,False,-0.0,-0.0,-0.0
720575940636029807,-2,0.0,0.0,0.0,False,False,False,-0.0,-0.0,-0.0
720575940636053678,-4,26.3,11.0,11.7,False,False,False,-105.2,-44.0,-46.8
720575940636552805,92,0.0,0.0,0.0,False,False,False,0.0,0.0,0.0
720575940636649061,-2,0.0,0.0,0.0,False,False,False,-0.0,-0.0,-0.0
720575940636809646,-448,3.3,1.2,0.0,False,False,False,-1478.3999999999999,-537.6,-0.0
720575940637144944,2,2.3,2.7,3.9,False,False,False,4.6,5.4,7.8
720575940637530084,4,0.0,0.0,0.0,False,False,False,0.0,0.0,0.0
720575940637656286,4,0.0,0.1,0.1,False,False,False,0.0,0.4,0.4
720575940638001498,2,0.0,0.0,0.0,False,False,False,0.0,0.0,0.0
720575940638810677,1,0.0,0.0,0.0,False,False,False,0.0,0.0,0.0
720575940638989894,-1,0.0,0.0,0.0,False,False,False,-0.0,-0.0,-0.0
720575940639769715,-10,0.0,0.0,0.0,False,False,False,-0.0,-0.0,-0.0
720575940639830179,1,0.0,0.0,0.0,False,False,False,0.0,0.0,0.0
720575940640096976,-5,0.0,0.0,0.0,False,False,False,-0.0,-0.0,-0.0
720575940640162944,-1,0.0,0.0,0.0,False,False,False,-0.0,-0.0,-0.0
720575940640407923,-14,0.0,0.0,0.0,False,False,False,-0.0,-0.0,-0.0
720575940641281013,-257,0.0,0.0,0.0,False,False,False,-0.0,-0.0,-0.0
720575940643867296,-10,5.6,5.9,5.8,False,False,False,-56.0,-59.0,-58.0
720575940644022551,5,0.0,0.0,0.0,False,False,False,0.0,0.0,0.0
720575940644653348,-7,6.5,2.0,0.5,False,False,False,-45.5,-14.0,-3.5
720575940644995950,-1,0.0,0.0,0.0,False,False,False,-0.0,-0.0,-0.0
720575940645528430,-1,0.0,0.0,0.0,False,False,False,-0.0,-0.0,-0.0
720575940645556334,-1,0.0,0.0,0.0,False,False,False,-0.0,-0.0,-0.0
720575940647010356,-48,0.0,0.0,0.0,False,False,False,-0.0,-0.0,-0.0
720575940647023156,-1,0.0,0.0,0.0,False,False,False,-0.0,-0.0,-0.0
720575940647031860,-2,0.0,0.0,0.0,False,False,False,-0.0,-0.0,-0.0
720575940649829241,-173,4.7,1.0,0.3,False,False,False,-813.1,-173.0,-51.9
720575940660219521,-1,0.0,0.0,0.0,False,False,False,-0.0,-0.0,-0.0
720575940660233601,-42,0.0,0.0,0.0,False,False,False,-0.0,-0.0,-0.0
